segmento,plazo_meses,pct_mensual,descuento_pct
hasta 500k,12,0.06,0.15
hasta 500k,24,0.06,0.15
hasta 500k,36,0.05328,0.15
500k-800k,12,0.06,0.15
500k-800k,24,0.06,0.15
500k-800k,36,0.05328,0.15
mayor_800k,12,0.06,0.15
mayor_800k,24,0.06,0.15
mayor_800k,36,0.05328,0.15
